{
  "dataset": "kodak",
  "model": "STF",
  "lambdas": [
    0.0018,
    0.0035,
    0.0067,
    0.013,
    0.025,
    0.0483
  ],
  "metrics": {
    "psnr": [
      28.894643686269657,
      30.386636217327077,
      32.135182639924786,
      33.98713680555117,
      35.80834883082301,
      37.70946370979204
    ],
    "ms-ssim": [
      0.927372674147288,
      0.950387567281723,
      0.9675639172395071,
      0.9785748521486918,
      0.9854620372255644,
      0.9901726270715395
    ],
    "bpp": [
      0.11540052625868057,
      0.18451266818576395,
      0.3002454969618055,
      0.4585740831163194,
      0.643039279513889,
      0.9030083550347222
    ],
    "encoding_time": [
      0.15643781423568726,
      0.13400354981422424,
      0.13333460688591003,
      0.13189354538917542,
      0.13364423314730325,
      0.13369481762250265
    ],
    "decoding_time": [
      0.1598082184791565,
      0.1595248281955719,
      0.16034379601478577,
      0.16029723485310873,
      0.16200279196103415,
      0.16270354390144348
    ]
  }
}