{
    "lambda": [
        0.0018,
        0.0035,
        0.0067,
        0.013,
        0.025,
        0.0483
    ],
    "psnr": [
        29.023,
        30.778,
        32.35,
        34.199,
        35.986,
        37.72
    ],
    "ms_ssim": [
        0.92792,
        0.95321,
        0.96737,
        0.97873,
        0.98572,
        null
    ],
    "bpp": [
        0.1522,
        0.2442,
        0.3414,
        0.4931,
        0.6798,
        0.903
    ]
}