{
  "dataset": "kodak",
  "model": "STF",
  "lambdas": [
    0.0018,
    0.0035,
    0.0067,
    0.013,
    0.025,
    0.0483
  ],
  "metrics": {
    "psnr": [
      28.894643686269657,
      30.386636217327077,
      32.135182639924786,
      33.98713680555117,
      35.80834883082301,
      37.70946370979204
    ],
    "ms-ssim": [
      0.927372674147288,
      0.950387567281723,
      0.9675639172395071,
      0.9785748521486918,
      0.9854620372255644,
      0.9901726270715395
    ],
    "bpp": [
      0.11540052625868057,
      0.18451266818576395,
      0.3002454969618055,
      0.4585740831163194,
      0.643039279513889,
      0.9030083550347222
    ],
    "encoding_time": [
      0.15092018246650696,
      0.13296342889467874,
      0.1333009898662567,
      0.1319836676120758,
      0.13433758417765299,
      0.13365650177001953
    ],
    "decoding_time": [
      0.15867976347605386,
      0.15968376398086548,
      0.16053627928098044,
      0.16073068976402283,
      0.16246408224105835,
      0.16343854864438376
    ]
  }
}