{
  "model": "STF-simplified",
  "checkpoint": "/data/mmproj01/repos/ALICE/batata/checkpoint_epoch40.pth.tar",
  "bitrate_idx": 0,
  "dataset": "kodak",
  "num_images": 24,
  "params": 97809621,
  "metrics": {
    "psnr": 29.09719211257862,
    "ms-ssim": 0.9310897638400396,
    "bpp": 0.1699286566840278,
    "encoding_time": 0.16734588146209717,
    "decoding_time": 0.1675723691781362
  }
}